{"canvas":{"version":"3.6.0","objects":[{"type":"image","version":"3.6.0","originX":"left","originY":"top","left":0,"top":0,"width":1343,"height":2015,"fill":"rgb(30, 139, 195)","stroke":"#000","strokeWidth":0,"strokeDashArray":null,"strokeLineCap":"butt","strokeDashOffset":0,"strokeLineJoin":"miter","strokeMiterLimit":4,"scaleX":1,"scaleY":1,"angle":0,"flipX":false,"flipY":false,"opacity":1,"shadow":null,"visible":true,"clipTo":null,"backgroundColor":null,"fillRule":"nonzero","paintFirst":"fill","globalCompositeOperation":"source-over","transformMatrix":null,"skewX":0,"skewY":0,"crossOrigin":"anonymous","cropX":0,"cropY":0,"selectable":false,"evented":false,"lockMovementX":true,"lockMovementY":true,"lockRotation":true,"lockScalingX":true,"lockScalingY":true,"lockUniScaling":true,"hasControls":false,"hasBorders":false,"hasRotatingPoint":false,"name":"mainImage","data":{"id":"Zwt7thkYqH"},"src":"https://i.imgur.com/I0V5WHJ.jpg","filters":[]},{"type":"group","version":"3.6.0","originX":"left","originY":"top","left":503.63,"top":839.63,"width":512,"height":512,"fill":"rgb(30, 139, 195)","stroke":"#000","strokeWidth":0,"strokeDashArray":null,"strokeLineCap":"butt","strokeDashOffset":0,"strokeLineJoin":"miter","strokeMiterLimit":4,"scaleX":0.66,"scaleY":0.66,"angle":0,"flipX":false,"flipY":false,"opacity":1,"shadow":null,"visible":true,"clipTo":null,"backgroundColor":null,"fillRule":"nonzero","paintFirst":"fill","globalCompositeOperation":"source-over","transformMatrix":null,"skewX":0,"skewY":0,"selectable":true,"evented":true,"lockMovementX":false,"lockMovementY":false,"lockRotation":false,"lockScalingX":false,"lockScalingY":false,"lockUniScaling":true,"hasControls":true,"hasBorders":true,"hasRotatingPoint":true,"name":"sticker","data":{"id":"G5kBCiW3gg"},"objects":[{"type":"path","version":"3.6.0","originX":"left","originY":"top","left":-3.54,"top":-95.97,"width":15.14,"height":27.71,"fill":"#FEBF10","stroke":"#000","strokeWidth":0.1,"strokeDashArray":null,"strokeLineCap":"butt","strokeDashOffset":0,"strokeLineJoin":"miter","strokeMiterLimit":4,"scaleX":1,"scaleY":1,"angle":0,"flipX":false,"flipY":false,"opacity":1,"shadow":null,"visible":true,"clipTo":null,"backgroundColor":null,"fillRule":"nonzero","paintFirst":"fill","globalCompositeOperation":"source-over","transformMatrix":null,"skewX":0,"skewY":0,"selectable":true,"evented":true,"lockMovementX":false,"lockMovementY":false,"lockRotation":false,"lockScalingX":false,"lockScalingY":false,"lockUniScaling":true,"hasControls":true,"hasBorders":true,"hasRotatingPoint":true,"path":[["M",267.649,167.026],["c",-1.979,-0.093,-3.884,-0.572,-5.565,-1.638],["c",-2.266,-1.436,-3.688,-3.266,-4.883,-5.303],["c",-1.498,0.97,-3.083,1.824,-4.695,2.5],["c",4.059,7.291,7.199,15.329,9.814,22.768],["c",0.287,0.812,0.555,1.627,0.816,2.443],["c",-0.059,-0.375,-0.08,-0.777,-0.06,-1.211],["C",263.387,180.254,264.703,173.113,267.649,167.026],["z"]]},{"type":"path","version":"3.6.0","originX":"left","originY":"top","left":-1.82,"top":-14.79,"width":24.29,"height":7.23,"fill":"#FEBF10","stroke":"#000","strokeWidth":0.1,"strokeDashArray":null,"strokeLineCap":"butt","strokeDashOffset":0,"strokeLineJoin":"miter","strokeMiterLimit":4,"scaleX":1,"scaleY":1,"angle":0,"flipX":false,"flipY":false,"opacity":1,"shadow":null,"visible":true,"clipTo":null,"backgroundColor":null,"fillRule":"nonzero","paintFirst":"fill","globalCompositeOperation":"source-over","transformMatrix":null,"skewX":0,"skewY":0,"selectable":true,"evented":true,"lockMovementX":false,"lockMovementY":false,"lockRotation":false,"lockScalingX":false,"lockScalingY":false,"lockUniScaling":true,"hasControls":true,"hasBorders":true,"hasRotatingPoint":true,"path":[["M",278.203,241.256],["c",-1.152,0.359,-2.285,0.672,-3.339,0.938],["c",-7.124,1.787,-13.841,1.535,-20.631,0.082],["c",2.661,3.944,7.093,6.133,12.354,6.207],["c",5.016,0.069,10.361,-1.625,11.939,-6.209],["C",278.389,241.946,278.279,241.605,278.203,241.256],["z"]]},{"type":"path","version":"3.6.0","originX":"left","originY":"top","left":-48.91,"top":-145.69,"width":102.03,"height":121.91,"fill":"#FEBF10","stroke":"#000","strokeWidth":0.1,"strokeDashArray":null,"strokeLineCap":"butt","strokeDashOffset":0,"strokeLineJoin":"miter","strokeMiterLimit":4,"scaleX":1,"scaleY":1,"angle":0,"flipX":false,"flipY":false,"opacity":1,"shadow":null,"visible":true,"clipTo":null,"backgroundColor":null,"fillRule":"nonzero","paintFirst":"fill","globalCompositeOperation":"source-over","transformMatrix":null,"skewX":0,"skewY":0,"selectable":true,"evented":true,"lockMovementX":false,"lockMovementY":false,"lockRotation":false,"lockScalingX":false,"lockScalingY":false,"lockUniScaling":true,"hasControls":true,"hasBorders":true,"hasRotatingPoint":true,"path":[["M",306.757,136.902],["c",-5.946,-13.996,-21.288,-21.876,-35.466,-24.847],["c",-15.431,-3.233,-33.235,-2.224,-46.87,6.397],["c",-7.36,4.655,-13.657,11.398,-16.001,19.992],["c",-3.328,12.214,0.071,24.385,7.262,34.57],["c",12.492,17.697,43.207,31.811,36.6,57.496],["c",2.326,0.715,4.709,1.355,7.108,1.765],["c",-1.415,-14.036,-2.19,-28.339,-6.903,-41.735],["c",-2.039,-5.799,-4.66,-11.547,-7.176,-17.158],["c",-1.666,-3.711,-3.461,-7.549,-5.76,-10.986],["c",-1.764,-1.242,-3.263,-3.186,-4.328,-6.037],["c",-1.86,-4.979,5.255,-9.875,8.959,-5.733],["c",0.773,0.863,1.512,1.77,2.236,2.694],["c",0.986,-0.293,1.926,-0.622,2.822,-1.15],["c",2.051,-1.208,3.979,-2.535,5.639,-4.247],["c",2.333,-2.408,6.91,-2.445,8.678,0.749],["c",0.761,1.377,2.178,6.338,3.674,6.993],["c",3.088,1.351,7.46,-1.179,10.15,-2.407],["c",5.156,-2.354,8.277,3.878,6.086,7.964],["c",0.436,1.532,0.088,3.24,-1.525,4.702],["c",-5.312,4.816,-7.534,13.246,-7.875,20.199],["c",-0.295,6.04,-8.457,7.269,-10.521,2.992],["c",4.259,13.936,5.328,28.418,6.844,42.871],["c",2.475,-0.598,4.953,-1.285,7.293,-2.279],["c",0.739,-0.314,1.477,-0.656,2.172,-1.069],["c",-0.044,-0.255,-0.077,-0.519,-0.089,-0.796],["c",-0.814,-19.717,9.88,-34.032,19.525,-50.101],["C",306.617,165.533,312.724,150.947,306.757,136.902],["z"]]},{"type":"path","version":"3.6.0","originX":"left","originY":"top","left":-68.06,"top":200.26,"width":3.9,"height":2.14,"fill":"#FEBF10","stroke":"#000","strokeWidth":0.1,"strokeDashArray":null,"strokeLineCap":"butt","strokeDashOffset":0,"strokeLineJoin":"miter","strokeMiterLimit":4,"scaleX":1,"scaleY":1,"angle":0,"flipX":false,"flipY":false,"opacity":1,"shadow":null,"visible":true,"clipTo":null,"backgroundColor":null,"fillRule":"nonzero","paintFirst":"fill","globalCompositeOperation":"source-over","transformMatrix":null,"skewX":0,"skewY":0,"selectable":true,"evented":true,"lockMovementX":false,"lockMovementY":false,"lockRotation":false,"lockScalingX":false,"lockScalingY":false,"lockUniScaling":true,"hasControls":true,"hasBorders":true,"hasRotatingPoint":true,"path":[["M",187.992,458.443],["c",2.633,-0.222,3.631,-1.146,3.898,-2.137],["C",191.09,457.454,189.801,458.291,187.992,458.443],["z"]]},{"type":"path","version":"3.6.0","originX":"left","originY":"top","left":-165.85,"top":-226.53,"width":376.28,"height":445.65,"fill":"#BCBCBC","stroke":"#000","strokeWidth":0.1,"strokeDashArray":null,"strokeLineCap":"butt","strokeDashOffset":0,"strokeLineJoin":"miter","strokeMiterLimit":4,"scaleX":1,"scaleY":1,"angle":0,"flipX":false,"flipY":false,"opacity":1,"shadow":null,"visible":true,"clipTo":null,"backgroundColor":null,"fillRule":"nonzero","paintFirst":"fill","globalCompositeOperation":"source-over","transformMatrix":null,"skewX":0,"skewY":0,"selectable":true,"evented":true,"lockMovementX":false,"lockMovementY":false,"lockRotation":false,"lockScalingX":false,"lockScalingY":false,"lockUniScaling":true,"hasControls":true,"hasBorders":true,"hasRotatingPoint":true,"path":[["M",466.318,275.236],["c",-0.388,-2.063,-1.822,-3.996,-2.979,-5.68],["c",-0.412,-0.602,-0.68,-1.205,-0.835,-1.8],["c",-0.054,-0.067,-0.112,-0.129,-0.165,-0.2],["c",-7.451,-10.035,-13.853,-20.992,-22.037,-30.463],["c",-7.178,-8.305,-15.382,-15.861,-20.244,-25.875],["c",-5.256,-10.82,-4,-24.359,-1.557,-35.787],["c",2.463,-11.531,1.371,-23.318,1.845,-35.02],["c",-0.47,-0.684,-0.806,-1.515,-0.933,-2.508],["c",-1.258,-9.857,-5.284,-19.205,-10.373,-27.676],["c",-12.793,-21.288,-29.834,-41.201,-50.824,-54.768],["c",-18.85,-12.183,-40.023,-20.041,-62.182,-23.517],["c",-44.869,-7.037,-90.992,1.874,-132.766,18.695],["c",-12.48,10.681,-26.811,19.563,-37.43,32.254],["c",-11.58,13.84,-19.914,31.021,-25.289,48.176],["c",-8.34,26.615,-13.542,56.199,-8.141,83.894],["c",5.475,28.065,20.451,53.302,34.141,78.01],["c",7.779,14.041,15.764,27.968,23.896,41.807],["c",7.76,13.206,16.193,26.13,23.43,39.629],["c",11.97,22.332,21.25,48.313,16.594,73.814],["c",2.281,1.459,2.988,4.691,1.941,7.139],["c",0.133,0.178,0.254,0.363,0.391,0.539],["c",0.783,0.985,1.582,1.947,2.443,2.865],["c",1.918,2.045,3.582,3.744,6.093,5.072],["c",7.483,3.959,15.577,6.348,23.931,7.639],["c",13.176,2.038,26.706,1.664,40.004,2.581],["c",13.445,0.927,27.133,1.874,40.558,0.181],["c",11.147,-1.406,22.515,-4.641,29.098,-14.412],["c",0.429,-0.636,0.909,-1.108,1.417,-1.453],["c",0.01,-0.346,0.019,-0.812,-0.061,-1.115],["c",-0.376,-1.451,-0.783,-2.893,-1.201,-4.334],["c",-0.895,-3.08,-1.842,-6.184,-2.369,-9.355],["c",-1.016,-6.12,-0.201,-13.35,1.037,-19.387],["c",1.459,-7.134,4.008,-15.102,10.574,-19.104],["c",5.721,-3.486,11.946,-5.311,18.5,-5.879],["c",1.059,-0.838,2.451,-1.311,4.123,-1.117],["c",11.628,1.344,23.545,1.054,35.242,1.299],["c",4.332,0.092,10.07,0.484,13.889,-2.02],["c",4.822,-3.161,6.158,-8.309,6.697,-13.762],["c",0.598,-6.033,0.9,-12.844,4.274,-18.125],["c",2.058,-3.221,4.491,-5.982,6.96,-8.888],["c",2.48,-2.917,5.162,-5.95,6.639,-9.536],["c",1.441,-3.5,0.021,-4.998,-3.197,-6.643],["c",-1.467,-0.75,-2.323,-1.86,-2.703,-3.081],["c",-2.207,-2.902,-1.137,-8.534,3.727,-9.331],["c",11.956,-1.961,2.551,-11.998,-2.18,-16.42],["c",-6.336,-5.923,-8.842,-12.521,-6.795,-21.145],["c",0.02,-0.089,0.049,-0.17,0.073,-0.256],["c",0.247,-1.203,0.948,-2.355,2.249,-3.255],["c",6.828,-4.723,17.08,-4.206,24.939,-5.845],["c",3.07,-0.639,7.667,-1.817,9.242,-3.762],["C",466.512,276.688,466.621,276.844,466.318,275.236],["z"],["M",173.785,203.076],["c",-7.031,-3.295,-17.066,2.311,-24.462,2.557],["c",-7.081,0.237,-7.935,-10.732,-0.847,-10.969],["c",10.24,-0.344,20.145,-6.154,30.204,-1.443],["C",185.102,196.229,180.213,206.086,173.785,203.076],["z"],["M",175.674,139.891],["c",-1.196,-1.582,-4.273,-2.057,-6.033,-2.729],["c",-2.146,-0.82,-4.281,-1.818,-6.287,-2.941],["c",-4.912,-2.752,-9.426,-6.125,-14.084,-9.273],["c",-5.861,-3.961,1.455,-12.189,7.262,-8.266],["c",5.404,3.652,10.705,7.837,16.858,10.188],["c",4.397,1.681,8.455,2.97,11.403,6.868],["C",189.08,139.408,179.938,145.529,175.674,139.891],["z"],["M",281.824,74.255],["c",3,-2.31,3.754,-10.921,4.732,-14.634],["c",1.186,-4.498,2.625,-11.211,7.857,-12.664],["c",6.523,-1.812,10.15,7.617,4.447,10.091],["c",-0.088,0.164,-0.221,0.44,-0.385,0.878],["c",-0.349,0.926,-0.615,1.871,-0.867,2.828],["c",-0.717,2.723,-1.334,5.471,-2.074,8.188],["c",-1.445,5.311,-3.016,10.935,-7.56,14.433],["C",282.344,87.709,276.227,78.564,281.824,74.255],["z"],["M",217.425,59.662],["c",-1.198,-3.148,0.091,-0.172,0.702,0.744],["c",1.248,1.871,1.182,3.766,0.389,5.295],["c",1.169,3.342,3.396,6.343,5.137,9.458],["c",2.449,4.39,4.488,8.802,4.732,13.899],["c",0.341,7.084,-10.629,7.93,-10.971,0.846],["c",-0.494,-10.287,-10.85,-17.252,-10.666,-28],["C",206.854,55.813,215.107,53.575,217.425,59.662],["z"],["M",316.863,166.921],["c",-7.379,20.213,-25.951,35.992,-26.139,58.421],["c",0.615,0.803,0.992,1.859,0.988,3.18],["c",-0.012,2.779,-1.096,5.012,-2.775,6.827],["c",0.609,0.802,1.003,1.854,1.047,3.178],["c",0.239,7.117,-3.195,13.099,-8.436,16.831],["c",1.076,1.813,1.129,4.145,-0.818,6.118],["c",-5.658,5.737,-11.184,9.697,-19.584,7.788],["c",-7.049,-1.604,-11.674,-8.014,-12.721,-14.764],["c",-0.122,-0.787,-0.084,-1.486,0.068,-2.106],["c",-3.109,-2.837,-5.482,-6.545,-6.764,-11.231],["c",-0.482,-1.768,-0.136,-3.303,0.671,-4.49],["c",-0.437,-1.139,-0.513,-2.398,-0.274,-3.564],["c",-0.863,-1.104,-1.244,-2.601,-0.738,-4.41],["c",3.707,-13.229,-8.471,-22.828,-17.256,-30.68],["c",-9.447,-8.443,-18.258,-17.617,-23.48,-29.344],["c",-9.271,-20.815,-3.535,-44.848,15.445,-57.909],["c",26.135,-17.983,70.896,-15.211,92.494,9.221],["C",320.301,133.229,322.898,150.384,316.863,166.921],["z"],["M",336.615,101.416],["c",2.535,0.424,6.756,-6.779,8.344,-8.743],["c",3.143,-3.889,6.906,-7.671,12.185,-8.009],["c",7.087,-0.455,7.921,10.516,0.847,10.969],["c",-3.285,0.211,-7.11,7.551,-9.34,10.083],["c",-3.721,4.228,-8.242,7.483,-14.133,6.497],["C",327.516,111.041,329.631,100.246,336.615,101.416],["z"],["M",371.99,155.633],["c",-9.92,0.59,-20.25,-0.18,-29.938,2.373],["c",-6.826,1.799,-10.496,-8.576,-3.639,-10.383],["c",9.504,-2.504,19.236,-2.383,28.967,-2.775],["c",1.34,-0.945,3.098,-1.264,5.007,-0.422],["c",0.011,0,0.019,0.001,0.03,0.002],["c",0.467,0.158,0.932,0.314,1.398,0.473],["c",0.989,0.49,1.738,1.242,2.311,2.172],["C",378.239,150.506,376.271,155.379,371.99,155.633],["z"]]},{"type":"path","version":"3.6.0","originX":"left","originY":"top","left":-176.86,"top":-237.48,"width":398.16,"height":467.5,"fill":"rgb(30, 139, 195)","stroke":"#000","strokeWidth":0.1,"strokeDashArray":null,"strokeLineCap":"butt","strokeDashOffset":0,"strokeLineJoin":"miter","strokeMiterLimit":4,"scaleX":1,"scaleY":1,"angle":0,"flipX":false,"flipY":false,"opacity":1,"shadow":null,"visible":true,"clipTo":null,"backgroundColor":null,"fillRule":"nonzero","paintFirst":"fill","globalCompositeOperation":"source-over","transformMatrix":null,"skewX":0,"skewY":0,"selectable":true,"evented":true,"lockMovementX":false,"lockMovementY":false,"lockRotation":false,"lockScalingX":false,"lockScalingY":false,"lockUniScaling":true,"hasControls":true,"hasBorders":true,"hasRotatingPoint":true,"path":[["M",472.459,263.404],["c",-0.02,-0.028,-0.041,-0.052,-0.061,-0.08],["c",-0.164,-0.634,-0.463,-1.279,-0.939,-1.92],["c",-6.84,-9.211,-13,-18.903,-20,-28],["c",-6.441,-8.371,-14.518,-15.258,-20.115,-24.305],["c",-6.088,-9.84,-3.936,-22.723,-1.649,-33.42],["c",2.536,-11.873,0.805,-24.145,1.604,-36.15],["c",0.104,-1.549,-0.35,-2.861,-1.121,-3.889],["c",-3.865,-25.98,-22.314,-49.574,-40.069,-67.969],["c",-15.886,-16.459,-35.632,-29.076,-56.964,-37.215],["c",-43.066,-16.43,-90.875,-14.265,-134.9,-2.993],["c",-12.625,3.231,-25.01,7.378,-37.116,12.194],["c",-1.062,-0.058,-2.198,0.305,-3.304,1.263],["c",-0.051,0.044,-0.104,0.087,-0.154,0.131],["c",-0.196,0.081,-0.394,0.157,-0.589,0.237],["c",-1.47,0.605,-2.422,1.604,-2.948,2.753],["c",-8.783,7.269,-18.049,13.935,-26.598,21.495],["c",-10.289,9.102,-18.07,20.238,-24.699,32.199],["c",-13.756,24.82,-20.104,53.333,-23.012,81.336],["c",-2.859,27.521,4.258,54.279,15.915,79.016],["c",13.13,27.856,29.058,54.617,44.607,81.17],["c",19.411,33.146,48.853,71.262,38.155,112.174],["c",-0.73,2.787,0.617,4.783,2.594,5.713],["c",0.432,1.438,1.121,2.86,2.002,4.125],["c",4.551,6.539,10.242,11.108,17.428,14.446],["c",17.426,8.095,36.107,7.451,54.768,8.606],["c",16.299,1.01,32.648,2.638,48.971,1.147],["c",14.41,-1.315,30.404,-5.728,38.93,-18.382],["c",0.645,-0.956,0.955,-1.953,1.014,-2.925],["c",1.395,-0.621,2.569,-1.803,3.092,-3.634],["c",1.096,-3.843,-1.117,-8.779,-2.172,-12.414],["c",-1.467,-5.055,-1.905,-9.366,-1.523,-14.639],["c",0.418,-5.779,1.277,-12.478,4.641,-17.374],["c",3.647,-5.31,13.353,-6.04,19.079,-6.138],["c",0.952,-0.016,1.755,-0.232,2.425,-0.586],["c",12.339,1.117,25.098,1.183,37.391,0.986],["c",14.33,-0.229,24.24,-8.932,26.263,-23.15],["c",0.944,-6.642,0.577,-13.441,5.052,-18.921],["c",3.182,-3.896,6.605,-7.523,9.403,-11.726],["c",4.973,-7.471,5.62,-15.346,0.747,-21.188],["c",6.52,-4.507,8.949,-12.38,4.33,-21.136],["c",-2.299,-4.355,-5.781,-7.65,-9.375,-10.933],["c",-2.882,-2.633,-3.965,-4.842,-3.709,-8.073],["c",0.533,-0.17,1.125,-0.34,1.832,-0.516],["c",2.127,-0.531,4.523,-0.817,6.773,-1.156],["c",5.621,-0.848,11.324,-1.64,16.738,-3.43],["c",4.614,-1.525,9.48,-4.432,11.288,-9.187],["C",478.848,274.727,475.99,268.551,472.459,263.404],["z"],["M",187.992,458.443],["c",1.809,-0.152,3.098,-0.989,3.898,-2.137],["C",191.623,457.297,190.625,458.222,187.992,458.443],["z"],["M",466.006,277.314],["c",-1.575,1.944,-6.172,3.123,-9.242,3.762],["c",-7.859,1.639,-18.111,1.122,-24.939,5.845],["c",-1.301,0.899,-2.002,2.052,-2.249,3.255],["c",-0.024,0.086,-0.054,0.167,-0.073,0.256],["c",-2.047,8.624,0.459,15.222,6.795,21.145],["c",4.73,4.422,14.136,14.459,2.18,16.42],["c",-4.863,0.797,-5.934,6.429,-3.727,9.331],["c",0.38,1.221,1.236,2.331,2.703,3.081],["c",3.219,1.645,4.639,3.143,3.197,6.643],["c",-1.477,3.586,-4.158,6.619,-6.639,9.536],["c",-2.469,2.905,-4.902,5.667,-6.96,8.888],["c",-3.374,5.281,-3.677,12.092,-4.274,18.125],["c",-0.539,5.453,-1.875,10.601,-6.697,13.762],["c",-3.818,2.504,-9.557,2.111,-13.889,2.02],["c",-11.697,-0.245,-23.614,0.045,-35.242,-1.299],["c",-1.672,-0.193,-3.064,0.279,-4.123,1.117],["c",-6.554,0.568,-12.779,2.393,-18.5,5.879],["c",-6.566,4.002,-9.115,11.97,-10.574,19.104],["c",-1.238,6.037,-2.053,13.267,-1.037,19.387],["c",0.527,3.172,1.475,6.275,2.369,9.355],["c",0.418,1.441,0.825,2.883,1.201,4.334],["c",0.079,0.304,0.07,0.77,0.061,1.115],["c",-0.508,0.345,-0.988,0.817,-1.417,1.453],["c",-6.583,9.771,-17.95,13.006,-29.098,14.412],["c",-13.425,1.693,-27.112,0.746,-40.558,-0.181],["c",-13.298,-0.917,-26.828,-0.543,-40.004,-2.581],["c",-8.354,-1.291,-16.447,-3.68,-23.931,-7.639],["c",-2.511,-1.328,-4.175,-3.027,-6.093,-5.072],["c",-0.861,-0.918,-1.66,-1.88,-2.443,-2.865],["c",-0.137,-0.176,-0.258,-0.361,-0.391,-0.539],["c",1.047,-2.447,0.34,-5.68,-1.941,-7.139],["c",4.656,-25.501,-4.624,-51.482,-16.594,-73.814],["c",-7.236,-13.499,-15.67,-26.423,-23.43,-39.629],["c",-8.133,-13.839,-16.117,-27.766,-23.896,-41.807],["c",-13.689,-24.708,-28.666,-49.944,-34.141,-78.01],["c",-5.401,-27.694,-0.199,-57.278,8.141,-83.894],["c",5.375,-17.155,13.709,-34.336,25.289,-48.176],["c",10.619,-12.69,24.949,-21.573,37.43,-32.254],["c",41.773,-16.821,87.896,-25.732,132.766,-18.695],["c",22.158,3.476,43.332,11.334,62.182,23.517],["c",20.99,13.566,38.031,33.479,50.824,54.768],["c",5.089,8.471,9.115,17.818,10.373,27.676],["c",0.127,0.993,0.463,1.824,0.933,2.508],["c",-0.474,11.701,0.618,23.488,-1.845,35.02],["c",-2.443,11.428,-3.699,24.967,1.557,35.787],["c",4.862,10.014,13.066,17.57,20.244,25.875],["c",8.185,9.471,14.586,20.428,22.037,30.463],["c",0.053,0.071,0.111,0.133,0.165,0.2],["c",0.155,0.595,0.423,1.198,0.835,1.8],["c",1.156,1.684,2.591,3.616,2.979,5.68],["C",466.621,276.844,466.512,276.688,466.006,277.314],["z"]]},{"type":"path","version":"3.6.0","originX":"left","originY":"top","left":-59.75,"top":-156.9,"width":123.7,"height":170.6,"fill":"rgb(30, 139, 195)","stroke":"#000","strokeWidth":0.1,"strokeDashArray":null,"strokeLineCap":"butt","strokeDashOffset":0,"strokeLineJoin":"miter","strokeMiterLimit":4,"scaleX":1,"scaleY":1,"angle":0,"flipX":false,"flipY":false,"opacity":1,"shadow":null,"visible":true,"clipTo":null,"backgroundColor":null,"fillRule":"nonzero","paintFirst":"fill","globalCompositeOperation":"source-over","transformMatrix":null,"skewX":0,"skewY":0,"selectable":true,"evented":true,"lockMovementX":false,"lockMovementY":false,"lockRotation":false,"lockScalingX":false,"lockScalingY":false,"lockUniScaling":true,"hasControls":true,"hasBorders":true,"hasRotatingPoint":true,"path":[["M",308.592,119.985],["c",-21.598,-24.432,-66.359,-27.204,-92.494,-9.221],["c",-18.98,13.062,-24.717,37.094,-15.445,57.909],["c",5.223,11.727,14.033,20.9,23.48,29.344],["c",8.785,7.852,20.963,17.451,17.256,30.68],["c",-0.506,1.81,-0.125,3.307,0.738,4.41],["c",-0.238,1.166,-0.162,2.426,0.274,3.564],["c",-0.807,1.188,-1.153,2.723,-0.671,4.49],["c",1.281,4.687,3.654,8.395,6.764,11.231],["c",-0.152,0.62,-0.19,1.319,-0.068,2.106],["c",1.047,6.75,5.672,13.16,12.721,14.764],["c",8.4,1.909,13.926,-2.051,19.584,-7.788],["c",1.947,-1.974,1.895,-4.305,0.818,-6.118],["c",5.24,-3.732,8.675,-9.714,8.436,-16.831],["c",-0.044,-1.323,-0.438,-2.376,-1.047,-3.178],["c",1.68,-1.815,2.764,-4.048,2.775,-6.827],["c",0.004,-1.32,-0.373,-2.377,-0.988,-3.18],["c",0.188,-22.429,18.76,-38.208,26.139,-58.421],["C",322.898,150.384,320.301,133.229,308.592,119.985],["z"],["M",266.588,248.482],["c",-5.262,-0.074,-9.693,-2.263,-12.354,-6.207],["c",6.79,1.453,13.507,1.705,20.631,-0.082],["c",1.054,-0.266,2.187,-0.578,3.339,-0.938],["c",0.076,0.35,0.186,0.69,0.324,1.018],["C",276.949,246.857,271.604,248.552,266.588,248.482],["z"],["M",263.137,187.797],["c",-0.262,-0.816,-0.529,-1.631,-0.816,-2.443],["c",-2.615,-7.438,-5.756,-15.477,-9.814,-22.768],["c",1.612,-0.676,3.197,-1.53,4.695,-2.5],["c",1.195,2.037,2.617,3.867,4.883,5.303],["c",1.682,1.065,3.586,1.545,5.565,1.638],["c",-2.946,6.087,-4.263,13.228,-4.572,19.56],["C",263.057,187.02,263.078,187.422,263.137,187.797],["z"],["M",299.29,177.741],["c",-9.646,16.068,-20.34,30.384,-19.525,50.101],["c",0.012,0.277,0.045,0.541,0.089,0.796],["c",-0.695,0.413,-1.433,0.755,-2.172,1.069],["c",-2.34,0.994,-4.818,1.682,-7.293,2.279],["c",-1.516,-14.453,-2.585,-28.936,-6.844,-42.871],["c",2.064,4.276,10.227,3.048,10.521,-2.992],["c",0.341,-6.953,2.562,-15.383,7.875,-20.199],["c",1.613,-1.462,1.961,-3.17,1.525,-4.702],["c",2.191,-4.086,-0.93,-10.317,-6.086,-7.964],["c",-2.69,1.229,-7.062,3.758,-10.15,2.407],["c",-1.496,-0.655,-2.913,-5.616,-3.674,-6.993],["c",-1.768,-3.194,-6.345,-3.157,-8.678,-0.749],["c",-1.66,1.712,-3.588,3.039,-5.639,4.247],["c",-0.896,0.528,-1.836,0.857,-2.822,1.15],["c",-0.725,-0.925,-1.463,-1.831,-2.236,-2.694],["c",-3.704,-4.142,-10.819,0.755,-8.959,5.733],["c",1.065,2.852,2.564,4.795,4.328,6.037],["c",2.299,3.438,4.094,7.275,5.76,10.986],["c",2.516,5.611,5.137,11.359,7.176,17.158],["c",4.713,13.396,5.488,27.699,6.903,41.735],["c",-2.399,-0.409,-4.782,-1.05,-7.108,-1.765],["c",6.607,-25.686,-24.107,-39.799,-36.6,-57.496],["c",-7.19,-10.186,-10.59,-22.356,-7.262,-34.57],["c",2.344,-8.594,8.641,-15.337,16.001,-19.992],["c",13.635,-8.621,31.439,-9.631,46.87,-6.397],["c",14.178,2.971,29.52,10.851,35.466,24.847],["C",312.724,150.947,306.617,165.533,299.29,177.741],["z"]]},{"type":"path","version":"3.6.0","originX":"left","originY":"top","left":78.7,"top":-112.11,"width":42.23,"height":14.28,"fill":"rgb(30, 139, 195)","stroke":"#000","strokeWidth":0.1,"strokeDashArray":null,"strokeLineCap":"butt","strokeDashOffset":0,"strokeLineJoin":"miter","strokeMiterLimit":4,"scaleX":1,"scaleY":1,"angle":0,"flipX":false,"flipY":false,"opacity":1,"shadow":null,"visible":true,"clipTo":null,"backgroundColor":null,"fillRule":"nonzero","paintFirst":"fill","globalCompositeOperation":"source-over","transformMatrix":null,"skewX":0,"skewY":0,"selectable":true,"evented":true,"lockMovementX":false,"lockMovementY":false,"lockRotation":false,"lockScalingX":false,"lockScalingY":false,"lockUniScaling":true,"hasControls":true,"hasBorders":true,"hasRotatingPoint":true,"path":[["M",376.127,147.072],["c",-0.572,-0.93,-1.321,-1.682,-2.311,-2.172],["c",-0.467,-0.158,-0.932,-0.314,-1.398,-0.473],["c",-0.012,-0.001,-0.02,-0.002,-0.03,-0.002],["c",-1.909,-0.842,-3.667,-0.523,-5.007,0.422],["c",-9.73,0.393,-19.463,0.271,-28.967,2.775],["c",-6.857,1.807,-3.188,12.182,3.639,10.383],["c",9.688,-2.553,20.018,-1.783,29.938,-2.373],["C",376.271,155.379,378.239,150.506,376.127,147.072],["z"]]},{"type":"path","version":"3.6.0","originX":"left","originY":"top","left":74.15,"top":-171.4,"width":32.69,"height":27.74,"fill":"rgb(30, 139, 195)","stroke":"#000","strokeWidth":0.1,"strokeDashArray":null,"strokeLineCap":"butt","strokeDashOffset":0,"strokeLineJoin":"miter","strokeMiterLimit":4,"scaleX":1,"scaleY":1,"angle":0,"flipX":false,"flipY":false,"opacity":1,"shadow":null,"visible":true,"clipTo":null,"backgroundColor":null,"fillRule":"nonzero","paintFirst":"fill","globalCompositeOperation":"source-over","transformMatrix":null,"skewX":0,"skewY":0,"selectable":true,"evented":true,"lockMovementX":false,"lockMovementY":false,"lockRotation":false,"lockScalingX":false,"lockScalingY":false,"lockUniScaling":true,"hasControls":true,"hasBorders":true,"hasRotatingPoint":true,"path":[["M",357.144,84.664],["c",-5.278,0.338,-9.042,4.12,-12.185,8.009],["c",-1.588,1.964,-5.809,9.167,-8.344,8.743],["c",-6.984,-1.17,-9.1,9.625,-2.098,10.797],["c",5.891,0.986,10.412,-2.27,14.133,-6.497],["c",2.229,-2.532,6.055,-9.872,9.34,-10.083],["C",365.064,95.18,364.23,84.209,357.144,84.664],["z"]]},{"type":"path","version":"3.6.0","originX":"left","originY":"top","left":23.56,"top":-209.32,"width":22.09,"height":37.78,"fill":"rgb(30, 139, 195)","stroke":"#000","strokeWidth":0.1,"strokeDashArray":null,"strokeLineCap":"butt","strokeDashOffset":0,"strokeLineJoin":"miter","strokeMiterLimit":4,"scaleX":1,"scaleY":1,"angle":0,"flipX":false,"flipY":false,"opacity":1,"shadow":null,"visible":true,"clipTo":null,"backgroundColor":null,"fillRule":"nonzero","paintFirst":"fill","globalCompositeOperation":"source-over","transformMatrix":null,"skewX":0,"skewY":0,"selectable":true,"evented":true,"lockMovementX":false,"lockMovementY":false,"lockRotation":false,"lockScalingX":false,"lockScalingY":false,"lockUniScaling":true,"hasControls":true,"hasBorders":true,"hasRotatingPoint":true,"path":[["M",294.414,46.957],["c",-5.232,1.453,-6.672,8.166,-7.857,12.664],["c",-0.979,3.713,-1.732,12.324,-4.732,14.634],["c",-5.598,4.31,0.52,13.454,6.151,9.119],["c",4.544,-3.498,6.114,-9.122,7.56,-14.433],["c",0.74,-2.717,1.357,-5.465,2.074,-8.188],["c",0.252,-0.957,0.519,-1.902,0.867,-2.828],["c",0.164,-0.438,0.297,-0.714,0.385,-0.878],["C",304.564,54.574,300.938,45.145,294.414,46.957],["z"]]},{"type":"path","version":"3.6.0","originX":"left","originY":"top","left":-49.31,"top":-199.98,"width":21.65,"height":38.75,"fill":"rgb(30, 139, 195)","stroke":"#000","strokeWidth":0.1,"strokeDashArray":null,"strokeLineCap":"butt","strokeDashOffset":0,"strokeLineJoin":"miter","strokeMiterLimit":4,"scaleX":1,"scaleY":1,"angle":0,"flipX":false,"flipY":false,"opacity":1,"shadow":null,"visible":true,"clipTo":null,"backgroundColor":null,"fillRule":"nonzero","paintFirst":"fill","globalCompositeOperation":"source-over","transformMatrix":null,"skewX":0,"skewY":0,"selectable":true,"evented":true,"lockMovementX":false,"lockMovementY":false,"lockRotation":false,"lockScalingX":false,"lockScalingY":false,"lockUniScaling":true,"hasControls":true,"hasBorders":true,"hasRotatingPoint":true,"path":[["M",223.652,75.159],["c",-1.74,-3.115,-3.968,-6.116,-5.137,-9.458],["c",0.793,-1.529,0.859,-3.424,-0.389,-5.295],["c",-0.611,-0.916,-1.9,-3.893,-0.702,-0.744],["c",-2.317,-6.087,-10.571,-3.849,-10.677,2.242],["c",-0.184,10.748,10.172,17.713,10.666,28],["c",0.342,7.084,11.312,6.238,10.971,-0.846],["C",228.141,83.961,226.102,79.549,223.652,75.159],["z"]]},{"type":"path","version":"3.6.0","originX":"left","originY":"top","left":-108.94,"top":-140.4,"width":38.8,"height":26.48,"fill":"rgb(30, 139, 195)","stroke":"#000","strokeWidth":0.1,"strokeDashArray":null,"strokeLineCap":"butt","strokeDashOffset":0,"strokeLineJoin":"miter","strokeMiterLimit":4,"scaleX":1,"scaleY":1,"angle":0,"flipX":false,"flipY":false,"opacity":1,"shadow":null,"visible":true,"clipTo":null,"backgroundColor":null,"fillRule":"nonzero","paintFirst":"fill","globalCompositeOperation":"source-over","transformMatrix":null,"skewX":0,"skewY":0,"selectable":true,"evented":true,"lockMovementX":false,"lockMovementY":false,"lockRotation":false,"lockScalingX":false,"lockScalingY":false,"lockUniScaling":true,"hasControls":true,"hasBorders":true,"hasRotatingPoint":true,"path":[["M",184.793,133.738],["c",-2.948,-3.898,-7.006,-5.188,-11.403,-6.868],["c",-6.153,-2.352,-11.454,-6.536,-16.858,-10.188],["c",-5.807,-3.924,-13.123,4.305,-7.262,8.266],["c",4.658,3.148,9.172,6.521,14.084,9.273],["c",2.006,1.123,4.141,2.121,6.287,2.941],["c",1.76,0.672,4.837,1.146,6.033,2.729],["C",179.938,145.529,189.08,139.408,184.793,133.738],["z"]]},{"type":"path","version":"3.6.0","originX":"left","originY":"top","left":-112.48,"top":-64.66,"width":38.13,"height":14.25,"fill":"rgb(30, 139, 195)","stroke":"#000","strokeWidth":0.1,"strokeDashArray":null,"strokeLineCap":"butt","strokeDashOffset":0,"strokeLineJoin":"miter","strokeMiterLimit":4,"scaleX":1,"scaleY":1,"angle":0,"flipX":false,"flipY":false,"opacity":1,"shadow":null,"visible":true,"clipTo":null,"backgroundColor":null,"fillRule":"nonzero","paintFirst":"fill","globalCompositeOperation":"source-over","transformMatrix":null,"skewX":0,"skewY":0,"selectable":true,"evented":true,"lockMovementX":false,"lockMovementY":false,"lockRotation":false,"lockScalingX":false,"lockScalingY":false,"lockUniScaling":true,"hasControls":true,"hasBorders":true,"hasRotatingPoint":true,"path":[["M",178.681,193.221],["c",-10.06,-4.711,-19.964,1.1,-30.204,1.443],["c",-7.088,0.236,-6.234,11.206,0.847,10.969],["c",7.396,-0.246,17.431,-5.852,24.462,-2.557],["C",180.213,206.086,185.102,196.229,178.681,193.221],["z"]]}]}]},"editor":{"fonts":[]},"canvasWidth":1343,"canvasHeight":2015}